{
    "BossDestructionParam": {
        "cereal_class_version": 1,
        "speedRange": {
            "cereal_class_version": 0,
            "x": 8.694999694824219,
            "y": 14.894000053405762
        },
        "vectorPatterns": [
            {
                "cereal_class_version": 0,
                "x": 0.4632318913936615,
                "y": 0.3418651819229126,
                "z": -0.8176456689834595
            },
            {
                "x": -0.6553760766983032,
                "y": 0.5340797305107117,
                "z": -0.5340797305107117
            },
            {
                "x": 0.2847115397453308,
                "y": 0.6699858903884888,
                "z": -0.6856078505516052
            },
            {
                "x": -0.3825218677520752,
                "y": 0.5346611738204956,
                "z": -0.7535346746444702
            }
        ],
        "performanceFrame": 88
    }
}