{
    "BossCollisionDetail": {
        "cereal_class_version": 0,
        "levelCount": 3,
        "levelBorders": [
            0.0,
            0.29100000858306887,
            0.6060000061988831
        ]
    }
}