{
    "Over": {
        "cereal_class_version": 0,
        "uiOverPos": {
            "cereal_class_version": 0,
            "x": 640.0,
            "y": 519.2449951171875
        },
        "uiBackPos": {
            "x": 929.8109741210938,
            "y": 350.1889953613281
        },
        "uiRetryPos": {
            "x": 899.6229858398438,
            "y": 301.8869934082031
        },
        "uiArrowPosL": {
            "x": 712.4530029296875,
            "y": 392.4530029296875
        },
        "uiArrowPosR": {
            "x": 947.9249877929688,
            "y": 501.1319885253906
        }
    }
}