{
    "Title": {
        "cereal_class_version": 0,
        "uiTitleLogo": {
            "cereal_class_version": 0,
            "degree": 0.0,
            "alpha": 1.0,
            "ssPos": {
                "cereal_class_version": 0,
                "x": 968.3480224609375,
                "y": 531.947998046875
            },
            "scale": {
                "x": 1.2000000476837159,
                "y": 1.2000000476837159
            }
        },
        "uiButtonPos": {
            "x": 760.0,
            "y": 850.0
        },
        "uiHoldPos": {
            "x": 1000.0,
            "y": 850.0
        },
        "uiReleasePos": {
            "x": 1000.0,
            "y": 850.0
        }
    }
}